flow,head,power,rpm,efficiency
0.989211707,0.318875835,0.986825935,0.672286184,1.450767148
0.917752311,0.360729182,0.987366662,0.6765625,1.521793467
0.838041988,0.407831988,0.98820233,0.688774671,1.569743169
0.765277316,0.456209215,0.988743057,0.703248355,1.602606345
0.701883997,0.498754648,0.988104016,0.722615132,1.60796667
0.643645559,0.539543007,0.988988841,0.731949013,1.593708411
0.600281216,0.573366655,0.989136312,0.747327303,1.579277511
0.554980443,0.609324425,0.989775353,0.764679276,1.550661637
0.513853176,0.641469742,0.990021137,0.777220395,1.511117253
0.479817455,0.671835207,0.990512707,0.793379934,1.47708729
0.439536291,0.708668726,0.991250061,0.815707237,1.426205772
0.39923565,0.749902814,0.99272477,0.833388158,1.368777477
0.348788613,0.796767694,0.99498599,0.860567434,1.267664882
0.309417647,0.841311456,0.997050583,0.888404605,1.18498295
0.267637742,0.897474541,0.999754215,0.919407895,1.09044474
0.222308994,0.954149925,0.997886251,0.942146382,0.964761637
0.192296633,0.976727288,0.965786757,0.966611842,0.882655366
0.149417548,0.987978672,0.89480411,0.9765625,0.748770311
0.121704587,0.995158667,0.859755198,0.980139803,0.639369444
0.079806643,1,0.801455046,0.985320724,0.451946767
0.046569574,0.993499987,0.735142309,1,0.28564467
0,0.979745794,0.656540333,0.988610197,0
0.991004484,0.319639931,0.988349801,0.666159539,1.454632809
0.923323634,0.361611731,0.988251487,0.681455592,1.533403311
0.840240582,0.410131958,0.988939684,0.693914474,1.58155708
0.764667527,0.458225429,0.989087155,0.705016447,1.607846861
0.704571981,0.501661229,0.989283783,0.721422697,1.621595114
0.645459819,0.541838558,0.98933294,0.734169408,1.604442137
0.599557755,0.577004625,0.989578725,0.753865132,1.586672812
0.553338049,0.613829916,0.990512707,0.766365132,1.556345248
0.5198518,0.645604847,0.990512707,0.780509868,1.537848995
0.481786228,0.674817063,0.991250061,0.794120066,1.48862264
0.440367167,0.711745303,0.991053434,0.814638158,1.435389885
0.400472227,0.754075861,0.993118026,0.837582237,1.380110904
0.350819592,0.802168312,0.994543578,0.8671875,1.284259936
0.308208928,0.849442881,0.997787937,0.890008224,1.190881524
0.267251282,0.901882046,0.999459273,0.923190789,1.094540531
0.223519838,0.960830608,0.998426977,0.954975329,0.976279134
0.19227515,0.978118258,0.959937079,0.966529605,0.889199414
0.146931411,0.981196603,0.882711498,0.978988487,0.741274929
0.119282899,0.975142794,0.829425355,0.976480263,0.63649721
0.07894366,0.967373868,0.755689918,0.971217105,0.458664776
0.045969346,0.960130771,0.702747874,0.980139803,0.285053634
0,0.947618293,0.6234577,0.978412829,0
0.992814258,0.320140329,0.987415819,0.670106908,1.460951244
0.92401487,0.363834523,0.987464976,0.677179276,1.54521379
0.844117928,0.410640856,0.988104016,0.692722039,1.592172164
0.766511768,0.459251317,0.98933294,0.706866776,1.614931771
0.704919842,0.501946821,0.988792214,0.719572368,1.624126365
0.64803177,0.543524912,0.989431254,0.736348684,1.615688145
0.600365024,0.577942048,0.989136312,0.749958881,1.592102193
0.556517665,0.614761967,0.990316079,0.770148026,1.567976415
0.519514798,0.646396073,0.99095512,0.777960526,1.538048595
0.481764863,0.67565412,0.991151748,0.793832237,1.490550899
0.441500696,0.711815681,0.99095512,0.814679276,1.439369741
0.399488962,0.754657245,0.992872241,0.837828947,1.378124875
0.351936005,0.803557854,0.995280932,0.866324013,1.289622427
0.310153975,0.850907425,0.997198053,0.891282895,1.201173254
0.266613636,0.905401224,1,0.924547697,1.095597026
0.224778016,0.948868779,0.977633584,0.950082237,0.990173477
0.188378446,0.942883989,0.90787986,0.951069079,0.887949976
0.144309883,0.931881273,0.818266726,0.954029605,0.745914719
0.117002739,0.925872547,0.769060611,0.952425987,0.639313801
0.076556203,0.919021664,0.702305461,0.943626645,0.454681723
0.044853523,0.911779927,0.653590916,0.948766447,0.283993232
0,0.899486607,0.576906061,0.951439145,0
0.992827242,0.319764095,0.98756329,0.670682566,1.459035489
0.91950637,0.361531561,0.988104016,0.687047697,1.526953123
0.842604313,0.410046756,0.987858231,0.695148026,1.587412685
0.767222481,0.45854026,0.988497272,0.706455592,1.615290834
0.706128561,0.501786006,0.98884137,0.721957237,1.626309153
0.648624326,0.542928908,0.989037998,0.738240132,1.616034515
0.603385878,0.578527104,0.989529568,0.752837171,1.601096421
0.553896255,0.615207083,0.989922824,0.764925987,1.562340995
0.517640457,0.646771287,0.98982451,0.780550987,1.535140575
0.482391768,0.675643513,0.99046355,0.799342105,1.493504074
0.442138343,0.713598117,0.990807649,0.813363487,1.445273149
0.39719393,0.754376481,0.992380671,0.838980263,1.370376354
0.35220655,0.803679503,0.995870816,0.865666118,1.290044603
0.310383679,0.851639222,0.997542152,0.890953947,1.20268165
0.267017329,0.906337762,0.999262646,0.92290296,1.099201419
0.216241671,0.898845792,0.900850415,0.922245066,0.979262911
0.183859087,0.891694493,0.835717446,0.924095395,0.890367145
0.139949522,0.881319809,0.752052303,0.925986842,0.744362208
0.114248181,0.876365735,0.708745023,0.922203947,0.641168344
0.074928799,0.87007638,0.649510888,0.928042763,0.455561616
0.043761426,0.862262711,0.602565993,0.920682566,0.284219496
0,0.849315384,0.531337561,0.929070724,0
0.994040211,0.31997387,0.987759917,0.665707237,1.46148539
0.915862978,0.362780619,0.98771076,0.678042763,1.526765041
0.839242208,0.409994466,0.988448115,0.691652961,1.579933637
0.77158296,0.458684076,0.987956545,0.704317434,1.625870155
0.706203752,0.501938458,0.989136312,0.720353618,1.626491349
0.645054,0.542459585,0.988448115,0.735238487,1.606708138
0.6025635,0.577784836,0.988300644,0.751603618,1.598848423
0.555968076,0.615508043,0.990021137,0.765337171,1.568796205
0.516315823,0.646845609,0.990365236,0.781702303,1.530552012
0.483089496,0.675931281,0.990365236,0.797491776,1.496449837
0.441322575,0.712096717,0.991643317,0.813898026,1.438358183
0.397135972,0.754286723,0.992577299,0.836513158,1.369741969
0.351966105,0.803405879,0.995330089,0.863445724,1.289425114
0.310435262,0.851476298,0.997099739,0.891447368,1.203185023
0.260009589,0.857628024,0.920513199,0.897203947,1.099475914
0.212074422,0.848697689,0.825345328,0.898149671,0.989767127
0.179925909,0.842147834,0.769847122,0.899465461,0.89331569
0.136643131,0.832781222,0.692277442,0.898930921,0.746046608
0.109894195,0.827089708,0.651526324,0.894572368,0.633173617
0.071753432,0.820474098,0.596912943,0.899835526,0.447634928
0.042619045,0.814766468,0.551885169,0.898519737,0.285571949
0,0.803659036,0.492847663,0.899095395,0
1,0.320565998,0.987317505,0.665337171,1.473628556
0.914175375,0.361552096,0.986481837,0.673643092,1.520683101
0.845363239,0.410159769,0.98707172,0.693421053,1.594318625
0.767662648,0.458739223,0.988104016,0.705797697,1.617562353
0.703399854,0.501771386,0.988939684,0.72240954,1.619816324
0.645738863,0.543453514,0.987907388,0.737582237,1.612243011
0.603755104,0.578155086,0.988448115,0.752055921,1.602797657
0.55460685,0.615026955,0.989922824,0.765830592,1.5638873
0.51711235,0.647298613,0.990266922,0.780592105,1.534139051
0.481157198,0.675487593,0.990807649,0.798643092,1.488820785
0.442460471,0.712018043,0.990611021,0.815583882,1.443410074
0.398877166,0.754260816,0.992626456,0.835320724,1.375632052
0.350370808,0.803646388,0.99547756,0.865583882,1.283774803
0.302837209,0.812684976,0.929754707,0.872491776,1.201407922
0.25111901,0.806918528,0.841272182,0.870148026,1.093201351
0.204933653,0.798778399,0.756328958,0.87290296,0.982327437
0.174745295,0.792848823,0.703878484,0.871546053,0.89335814
0.131793145,0.783324388,0.634862115,0.871463816,0.738044364
0.107674235,0.778511614,0.596126432,0.874300987,0.638213407
0.069982256,0.773190893,0.549574792,0.872286184,0.446863906
0.041710971,0.767850862,0.513788527,0.877014803,0.282924255
0,0.755299692,0.461229907,0.870394737,0
0.991077432,0.320302301,0.988448115,0.668421053,1.45760946
0.915770672,0.36311857,0.988251487,0.677179276,1.527197219
0.838246077,0.410050564,0.988104016,0.691365132,1.578823891
0.767828021,0.458808037,0.988644743,0.703453947,1.617268484
0.704803928,0.501984628,0.988448115,0.723108553,1.624546951
0.646563365,0.543637313,0.989529568,0.736184211,1.612200255
0.603235496,0.578403959,0.989578725,0.748848684,1.60027716
0.554450212,0.614704916,0.989431254,0.766200658,1.563403307
0.517142332,0.646619107,0.990119451,0.782935855,1.532845706
0.482670812,0.675661124,0.990316079,0.799383224,1.494629495
0.442295098,0.712114261,0.990905963,0.815460526,1.442636043
0.398786984,0.754014799,0.992823084,0.836019737,1.374600156
0.343595015,0.764584434,0.924199971,0.845189145,1.290130867
0.293903663,0.761464202,0.845106425,0.8453125,1.201905984
0.244375441,0.755890936,0.76453817,0.841858553,1.09659165
0.197472997,0.748737597,0.689868751,0.842475329,0.97274341
0.167475627,0.742733835,0.642432286,0.844695724,0.878789529
0.127967264,0.734624918,0.579806322,0.844901316,0.735883399
0.103667991,0.729421358,0.545838863,0.844819079,0.628761752
0.068640389,0.72424425,0.502285799,0.841488487,0.449201609
0.039897419,0.719162611,0.461190582,0.843092105,0.282370217
0,0.709453425,0.416796933,0.840378289,0
0.998295517,0.320282445,0.984073146,0.67109375,1.474661312
0.918632528,0.363141213,0.987858231,0.679111842,1.53267526
0.841638282,0.410918425,0.988939684,0.693256579,1.587225754
0.768819785,0.458708964,0.988054859,0.702384868,1.619974319
0.7080801,0.502068266,0.989037998,0.723355263,1.631396757
0.644734115,0.542700094,0.989185469,0.73984375,1.605425771
0.604708387,0.578213088,0.989873667,0.752919408,1.603177281
0.556008917,0.615103521,0.989922824,0.764555921,1.56803605
0.518651697,0.647049876,0.990414393,0.784210526,1.537885595
0.483879531,0.676006691,0.990709335,0.795065789,1.498543662
0.439735895,0.71140946,0.991299218,0.814884868,1.432300688
0.387601254,0.714482365,0.916433171,0.816817434,1.371523639
0.331355196,0.714352216,0.835914074,0.816365132,1.285203666
0.284467743,0.711453047,0.764833112,0.815378289,1.200991683
0.23492878,0.706178225,0.692080814,0.815625,1.087980587
0.191716943,0.699280763,0.624539154,0.814679276,0.974271094
0.16175829,0.693760332,0.581674286,0.814226974,0.875635896
0.123714201,0.686113734,0.52617608,0.814226974,0.732170079
0.099975259,0.681552553,0.497271789,0.814802631,0.621907044
0.065988879,0.676359261,0.45485425,0.81796875,0.445351936
0.038536076,0.671585926,0.426190827,0.818914474,0.275608358
0,0.662148393,0.379319668,0.814432566,0
0.993164125,0.3196077,0.984712186,0.671833882,1.463040522
0.921442918,0.362285728,0.988104016,0.681866776,1.533360985
0.840860995,0.410414422,0.988792214,0.689473684,1.584051125
0.77283677,0.458584799,0.988939684,0.704769737,1.626541084
0.704093333,0.501957089,0.989431254,0.720600329,1.621207522
0.645427594,0.543237416,0.989627882,0.734621711,1.608024611
0.59952978,0.578333717,0.989971981,0.751356908,1.589621693
0.554725007,0.614821125,0.990119451,0.762828947,1.56338645
0.519117597,0.646726748,0.990856806,0.779605263,1.537811444
0.477127346,0.659045024,0.954578971,0.787047697,1.495081756
0.423844068,0.660885667,0.888266234,0.786225329,1.431253952
0.372299976,0.664217033,0.823084108,0.787088816,1.363597545
0.32073629,0.663397723,0.749299513,0.786348684,1.288825254
0.27381673,0.660876487,0.68746006,0.785608553,1.194703728
0.226718813,0.656334753,0.623359387,0.785855263,1.083432521
0.184251921,0.64963163,0.562650543,0.784375,0.965534629
0.155467637,0.644373944,0.525733668,0.783675987,0.864847612
0.118980129,0.637448399,0.476271936,0.785238487,0.722756303
0.096074188,0.633358105,0.44796736,0.785896382,0.616505697
0.063197847,0.628969775,0.413046257,0.790871711,0.436778021
0.037318503,0.624285178,0.37870029,0.784375,0.279215172
0,0.615063607,0.343435088,0.784046053,0
0.996161372,0.319859021,0.987759917,0.669202303,1.464078328
0.918435048,0.362792383,0.988251487,0.675945724,1.530264638
0.840448803,0.408409836,0.987612447,0.693050987,1.577423521
0.768888601,0.458956885,0.988890527,0.707195724,1.619625127
0.709014025,0.50176887,0.988890527,0.724794408,1.632817829
0.645122699,0.542501948,0.98884137,0.737294408,1.606365646
0.601986053,0.578474201,0.989971981,0.748149671,1.596522093
0.544138325,0.596616928,0.945288306,0.759457237,1.558719657
0.500299465,0.604826347,0.896278818,0.759210526,1.532304289
0.460554906,0.609016326,0.848940668,0.754564145,1.499548165
0.40870592,0.612399574,0.792557637,0.754728618,1.433317369
0.358166458,0.613420091,0.730718183,0.753207237,1.364647248
0.306585774,0.613804756,0.669861869,0.757277961,1.27504174
0.262665467,0.610896067,0.613577152,0.755797697,1.186939382
0.217766027,0.60639044,0.556063511,0.755674342,1.077818136
0.176488613,0.600446653,0.50307231,0.750822368,0.956066534
0.148943032,0.595412477,0.470058497,0.754152961,0.856275707
0.114280406,0.588802035,0.426254731,0.751809211,0.716472085
0.092995495,0.585122246,0.402246473,0.753947368,0.6139651
0.061089552,0.580589148,0.369581674,0.753330592,0.435564861
0.035776088,0.576574741,0.34715627,0.754728618,0.269681313
0,0.568870616,0.310121418,0.753577303,0
0.996365343,0.320523295,0.986039424,0.668174342,1.469979718
0.920090309,0.362319796,0.987858231,0.676274671,1.531635087
0.84190446,0.410419658,0.988743057,0.695353618,1.586115936
0.767276189,0.459031411,0.988644743,0.705427632,1.616892978
0.706993787,0.502151564,0.989873667,0.721011513,1.627788803
0.634463069,0.525317995,0.94214226,0.720847039,1.605608104
0.579801449,0.538292929,0.88816792,0.723396382,1.5948884
0.526181169,0.548763151,0.833898638,0.722779605,1.571572383
0.475418377,0.555384676,0.788969179,0.722532895,1.518928151
0.436152703,0.558651716,0.746939979,0.724013158,1.480544313
0.391830827,0.562284654,0.697979649,0.720929276,1.43264795
0.343728163,0.563669709,0.647151354,0.724259868,1.358818214
0.29353007,0.563128783,0.592095561,0.723478618,1.267056348
0.251331598,0.561268625,0.543233545,0.725411184,1.178578975
0.208851839,0.556651074,0.493683331,0.724013158,1.068809494
0.169751419,0.551040477,0.446728604,0.721710526,0.950343404
0.143839733,0.54693332,0.417047633,0.723889803,0.856160133
0.109136266,0.541009932,0.380101263,0.723972039,0.705021606
0.089068691,0.537753704,0.358781891,0.725945724,0.605906173
0.059114287,0.533198575,0.33031018,0.726809211,0.433098709
0.03425303,0.528798413,0.307860198,0.719777961,0.267031816
0,0.522353955,0.277196087,0.724259868,0
0.995227565,0.32010939,0.987170034,0.668174342,1.464725549
0.918512246,0.364031989,0.988448115,0.677672697,1.535316909
0.838402715,0.407010842,0.977879369,0.688157895,1.583801615
0.755090078,0.439347166,0.926067935,0.692598684,1.625889987
0.676543502,0.462004019,0.873371676,0.694942434,1.624313252
0.605835541,0.479194023,0.821019515,0.69140625,1.604870783
0.55613758,0.490756363,0.773877992,0.695805921,1.600674758
0.499382774,0.500610998,0.729096004,0.693503289,1.556240225
0.455318578,0.506021,0.687410903,0.695970395,1.521230083
0.418004442,0.509432808,0.652656934,0.692557566,1.480847245
0.376209546,0.51178568,0.60762916,0.692475329,1.438158473
0.32666409,0.513864656,0.565550804,0.691776316,1.347118902
0.280787877,0.513731652,0.518409281,0.692886513,1.262901038
0.240905921,0.51164948,0.476365335,0.691858553,1.174376283
0.198520712,0.507699738,0.433392322,0.691652961,1.055501757
0.162121142,0.502685078,0.392877157,0.69321546,0.941469554
0.135425795,0.498554869,0.366976356,0.69428454,0.835033085
0.10385048,0.493282427,0.33447869,0.691694079,0.695125318
0.085635645,0.489748223,0.315282898,0.690666118,0.603746237
0.055588934,0.486725976,0.292631372,0.691570724,0.419642437
0.032954011,0.482563604,0.272826034,0.692516447,0.264547979
0,0.476467297,0.246005997,0.694243421,0
0.979850978,0.30869481,0.932900752,0.656085526,1.471571355
0.887804281,0.338013783,0.88639827,0.659251645,1.536562237
0.798104317,0.368354701,0.835914074,0.65678454,1.596215964
0.714158283,0.397719777,0.798063216,0.657401316,1.615331942
0.640991924,0.417586189,0.748021432,0.657401316,1.624097334
0.575387262,0.432340703,0.70215799,0.655592105,1.607973681
0.527819196,0.44273769,0.661800128,0.657401316,1.602626207
0.477515931,0.452096618,0.626259647,0.658675987,1.564559575
0.432895653,0.457469357,0.592587131,0.655222039,1.516772438
0.399353689,0.460738369,0.563092956,0.65805921,1.483062308
0.355388292,0.46344864,0.527405004,0.656620066,1.417385195
0.312790494,0.463988273,0.488163004,0.657236842,1.349345291
0.266564295,0.464207295,0.448871848,0.655797697,1.251177661
0.229061179,0.462253912,0.412913533,0.656990132,1.163859032
0.18801347,0.458684144,0.376178538,0.656949013,1.040485634
0.153516099,0.454053129,0.342157007,0.65859375,0.924618482
0.130268789,0.451024967,0.320562356,0.656537829,0.83187074
0.099273163,0.445954616,0.292144718,0.65805921,0.687783725
0.081425548,0.443093117,0.275780367,0.656208882,0.593772059
0.052855269,0.439442295,0.255198348,0.659827303,0.413085256
0.0311898,0.436289968,0.241095217,0.659457237,0.256169036
0,0.43023004,0.216718281,0.657894737,0
0.923214093,0.274881226,0.782185518,0.621792763,1.472533366
0.835424827,0.304913432,0.753527012,0.62055921,1.534307892
0.754374998,0.330680181,0.714496387,0.62524671,1.584611583
0.677077982,0.355528479,0.673499484,0.618297697,1.622195638
0.6062606,0.373667737,0.634763801,0.623149671,1.619795567
0.542963955,0.387072964,0.59745367,0.622450658,1.596566509
0.497034034,0.396269172,0.564813449,0.622245066,1.582700705
0.450468591,0.404249573,0.532124072,0.621628289,1.553204319
0.410329074,0.409168628,0.503907978,0.623231908,1.512205433
0.376759135,0.411858159,0.478626555,0.620929276,1.471438403
0.334811851,0.41448996,0.448277049,0.623889803,1.405062826
0.293888672,0.415259836,0.416757607,0.62265625,1.32906631
0.252802246,0.415112824,0.383050681,0.622286184,1.243421149
0.215797254,0.413495895,0.353069852,0.62421875,1.147054076
0.178921043,0.41058571,0.322617116,0.619078947,1.033487568
0.145267533,0.406334872,0.293555523,0.62240954,0.912619643
0.123718451,0.403530696,0.275839355,0.622615132,0.821452074
0.094223572,0.398930008,0.251914664,0.623314145,0.677220717
0.076845988,0.39633887,0.239310819,0.619243421,0.577634261
0.049856016,0.39323319,0.220287077,0.621546053,0.403930017
0.029473513,0.390358703,0.207113012,0.620764803,0.252124933
0,0.385176903,0.188561176,0.618462171,0
0.864314401,0.243631105,0.652804404,0.586759868,1.464026098
0.786581586,0.267897814,0.624047584,0.584128289,1.532578222
0.706566604,0.292099721,0.592341346,0.582771382,1.581392273
0.634956826,0.313787057,0.559455341,0.583018092,1.616371588
0.567548764,0.329506397,0.528191516,0.587335526,1.606952435
0.511143826,0.342200294,0.49854987,0.583881579,1.592363821
0.464404512,0.348920961,0.469847122,0.583388158,1.565288268
0.422895152,0.356709675,0.443498992,0.588692434,1.543769187
0.386858434,0.361086513,0.421024431,0.585361842,1.505856022
0.350512573,0.363674319,0.4010962,0.583470395,1.442431166
0.314308358,0.366050379,0.376670108,0.585238487,1.386318581
0.27827164,0.366779183,0.350130266,0.5828125,1.323035152
0.237290504,0.366323732,0.322086221,0.585855263,1.224900123
0.203402923,0.365089837,0.29809271,0.586430921,1.130662499
0.169234054,0.362571185,0.272014944,0.582442434,1.023801335
0.137018849,0.359021408,0.248301627,0.584868421,0.89918387
0.115420427,0.356397495,0.233239935,0.585444079,0.800464023
0.087973761,0.352146454,0.213557489,0.583182566,0.658398882
0.071747058,0.349949229,0.203524554,0.585773026,0.559911948
0.046771893,0.347207407,0.189559062,0.581990132,0.388827334
0.027898637,0.344300962,0.176753674,0.583799342,0.246649463
0,0.33955469,0.160998869,0.587047697,0
0.804130917,0.212811344,0.531386718,0.544695724,1.461632699
0.728313048,0.233591856,0.510003441,0.543873355,1.514014698
0.659979678,0.254283493,0.482736076,0.546134868,1.577852445
0.591920986,0.273203983,0.456314211,0.54375,1.608474501
0.532959087,0.286871343,0.431716069,0.543503289,1.607349181
0.473511929,0.297369987,0.406577201,0.54194079,1.571854882
0.436221283,0.304972318,0.386378607,0.544695724,1.562721584
0.393376548,0.310572715,0.363904046,0.54790296,1.523744991
0.359020942,0.314191034,0.345411198,0.545189145,1.482192348
0.327434885,0.316332636,0.328776483,0.546916118,1.429866898
0.293656726,0.317878234,0.30907929,0.54375,1.37074998
0.256926529,0.31868442,0.287764833,0.546546053,1.291396109
0.21970045,0.318743579,0.266047289,0.544449013,1.194650761
0.189093409,0.317683691,0.246492651,0.545847039,1.1061009
0.156901929,0.315279412,0.225851644,0.545394737,0.994095368
0.12601785,0.312060787,0.206419899,0.545476974,0.86466348
0.107375832,0.309779789,0.194592735,0.544983553,0.775819001
0.08185698,0.30637376,0.179167281,0.546587171,0.635295813
0.066854105,0.304468316,0.16968982,0.544901316,0.544429695
0.043525348,0.30207274,0.158098609,0.546052632,0.377444544
0.025785384,0.299645138,0.14987465,0.547080592,0.23398072
0,0.295617403,0.136818562,0.543009868,0
0.741922709,0.181223476,0.420537777,0.504481908,1.4510939
0.674986921,0.198892527,0.401332154,0.502220395,1.518228989
0.602939218,0.215935792,0.375018434,0.505016447,1.575697921
0.545218264,0.232506469,0.362109817,0.503125,1.588885303
0.487625971,0.244108044,0.342491275,0.503248355,1.577418093
0.437236891,0.252977181,0.32253355,0.50209704,1.556505502
0.400532427,0.259570351,0.307825788,0.502384868,1.532904775
0.364012693,0.264612755,0.291328713,0.503125,1.500622394
0.330313974,0.267624666,0.275972079,0.503988487,1.453835772
0.303678827,0.269519775,0.263102787,0.502713816,1.411910311
0.270407409,0.270822823,0.247608514,0.503700658,1.342349748
0.237376319,0.271611874,0.23164725,0.505263158,1.263241559
0.202359458,0.271132215,0.213827852,0.504317434,1.164575814
0.173916544,0.270568034,0.198987367,0.503330592,1.073295449
0.144093163,0.268542301,0.183040849,0.506126645,0.959478988
0.117651128,0.265925527,0.167993905,0.503741776,0.845259402
0.099981633,0.263705047,0.158639335,0.505509868,0.754319261
0.075061947,0.261065835,0.146433663,0.503988487,0.607374213
0.060825381,0.259259327,0.139325567,0.50259046,0.513707396
0.040479234,0.257490831,0.130654279,0.503371711,0.362074403
0.023897587,0.255561927,0.123777221,0.504646382,0.223942685
0,0.252017047,0.113901588,0.504523026,0
0.67683978,0.150774781,0.322317259,0.458264803,1.437005505
0.616293325,0.164689178,0.307191663,0.458881579,1.499583011
0.550815319,0.179319527,0.29053237,0.458634868,1.543001967
0.49548607,0.192368307,0.277771224,0.457195724,1.557417794
0.442434621,0.202463995,0.263461633,0.45990954,1.543145714
0.397874542,0.210683749,0.248576906,0.457277961,1.530536966
0.365051791,0.214920375,0.236956201,0.457360197,1.502766154
0.330674583,0.219187124,0.224126235,0.458758224,1.467744861
0.300683824,0.221754327,0.213405102,0.458470395,1.418093212
0.274978234,0.22343463,0.203755592,0.459827303,1.368568932
0.246288382,0.224720951,0.192705107,0.459498355,1.303531931
0.216215939,0.225153623,0.180174999,0.457606908,1.226307906
0.1836079,0.225032178,0.167089417,0.459703947,1.122314195
0.157627515,0.224474933,0.155817726,0.457730263,1.030648154
0.130535085,0.222571733,0.143970899,0.458305921,0.915904003
0.10646764,0.220433734,0.13274345,0.458922697,0.802435248
0.089427176,0.218837138,0.12560586,0.456003289,0.707144309
0.068034849,0.216458018,0.116654377,0.459210526,0.572969457
0.056495002,0.214923979,0.111586295,0.45678454,0.493868642
0.036654888,0.213463786,0.104753478,0.458264803,0.339011995
0.021770878,0.211939812,0.099552672,0.460197368,0.210359909
0,0.208993111,0.091599076,0.459087171,0
0.594591854,0.120489758,0.234242737,0.412088816,1.388130716
0.546087739,0.131067077,0.221869931,0.409046053,1.464148079
0.49532719,0.143742683,0.213527995,0.412047697,1.513388759
0.439467592,0.154042365,0.203406577,0.409046053,1.510530334
0.397296978,0.161632524,0.192985302,0.411842105,1.51024426
0.355158588,0.168219031,0.183203067,0.408141447,1.480103606
0.324819967,0.171975317,0.175180652,0.409786184,1.447271834
0.293860697,0.175066242,0.165968638,0.40859375,1.406841901
0.268780006,0.176951967,0.157921644,0.408470395,1.366904296
0.244875691,0.178155535,0.151020007,0.409950658,1.311106342
0.218835224,0.179228954,0.143149978,0.412212171,1.243545051
0.192391064,0.179730712,0.134542595,0.410238487,1.166473306
0.163458642,0.179683046,0.125320749,0.411472039,1.063700626
0.140396063,0.179093094,0.117293418,0.408223684,0.972943313
0.115448402,0.177765225,0.109064543,0.409292763,0.854040683
0.094094674,0.176008153,0.100997886,0.4109375,0.744239904
0.08082225,0.174676001,0.095964214,0.410320724,0.667701388
0.061819505,0.172951295,0.08968687,0.411595395,0.541063061
0.049426472,0.171712437,0.085557686,0.410567434,0.450225144
0.032690076,0.170287603,0.080750135,0.409457237,0.312883826
0.019477734,0.169085463,0.077348474,0.408018092,0.193250384
0,0.166621482,0.072064101,0.410731908,0
0.51738927,0.09148786,0.161431451,0.355345395,1.330822546
0.469907136,0.099374832,0.155080372,0.357154605,1.366655408
0.427307214,0.108943534,0.148478592,0.355057566,1.423001153
0.381806719,0.116382533,0.141188615,0.357277961,1.428430464
0.344230537,0.122253291,0.134857199,0.358100329,1.416325997
0.307324344,0.126973587,0.128481542,0.356291118,1.378469065
0.282415281,0.129775248,0.122779334,0.356537829,1.354821857
0.254792502,0.132081134,0.116860837,0.356291118,1.307030883
0.232174222,0.133522287,0.111492897,0.356661184,1.26196692
0.213755534,0.134454134,0.107054023,0.357195724,1.218473086
0.190834602,0.135371633,0.10183847,0.356126645,1.151331359
0.167619517,0.135728351,0.096175589,0.357072368,1.073637606
0.141813004,0.135753986,0.090035885,0.356167763,0.970466217
0.12156719,0.135287451,0.084805584,0.356620066,0.880190854
0.101810884,0.134233411,0.079201691,0.356496711,0.783155118
0.082069568,0.133013184,0.073941896,0.356620066,0.670059958
0.069698845,0.132013135,0.070658212,0.355509868,0.591027236
0.052009756,0.130596054,0.066312737,0.356949013,0.464884779
0.042528509,0.129783815,0.063786069,0.356825658,0.392737404
0.028372681,0.128773567,0.060728506,0.355057566,0.273062408
0.016817017,0.127809149,0.058265743,0.357360197,0.16742682
0,0.126509908,0.054957479,0.357236842,0
0.425596003,0.063103046,0.099764047,0.294449013,1.221803085
0.390231281,0.068851203,0.096047781,0.295600329,1.269619806
0.350828091,0.075132194,0.092434744,0.295600329,1.294233377
0.313058797,0.079865886,0.088005702,0.295929276,1.28944797
0.284802738,0.084117199,0.084982549,0.296052632,1.279459725
0.254713061,0.087425922,0.081089318,0.295065789,1.246393565
0.233722185,0.08934789,0.078031755,0.295641447,1.214619568
0.210964501,0.090870777,0.074693998,0.296052632,1.164864287
0.193758782,0.091881502,0.071710171,0.295518092,1.126772233
0.17584235,0.092553732,0.06912943,0.295805921,1.068518007
0.157805754,0.093164491,0.066081699,0.295641447,1.009763021
0.13733661,0.093397249,0.062832424,0.294942434,0.926539641
0.117445032,0.093400105,0.059381605,0.294366776,0.838412005
0.100469016,0.093095949,0.056319127,0.296381579,0.75376233
0.082730823,0.092406924,0.053236986,0.294942434,0.651757158
0.068249562,0.091534779,0.050267905,0.296011513,0.564056524
0.057512616,0.090876353,0.048352259,0.294777961,0.490596737
0.042918982,0.089885212,0.045595045,0.294777961,0.384014318
0.035380893,0.089336398,0.044433466,0.296710526,0.322860153
0.023622083,0.088772558,0.042616133,0.294736842,0.223331664
0.014024686,0.088130859,0.041366563,0.296833882,0.135612313
0,0.087236751,0.039346704,0.296134868,0
0.320455121,0.036870374,0.053802291,0.226315789,0.996715924
0.293184452,0.04002984,0.052209605,0.225041119,1.0202387
0.264580532,0.043484079,0.05090203,0.225699013,1.025841984
0.238022582,0.046534341,0.049161874,0.225452303,1.022564501
0.214738799,0.048630656,0.047442855,0.225699013,0.999027043
0.193230558,0.050637758,0.045852627,0.225822368,0.968530857
0.178081668,0.051769044,0.04452244,0.224671053,0.939805125
0.159302135,0.052513828,0.043059038,0.226110197,0.881776178
0.145561686,0.053116563,0.041878287,0.223972039,0.837945058
0.133369083,0.053583099,0.040842059,0.225411184,0.794150434
0.119108909,0.053869235,0.039484344,0.22421875,0.73754334
0.104267039,0.054010807,0.03801455,0.226027961,0.672365252
0.089036466,0.054009039,0.036502482,0.224177632,0.597914903
0.075422556,0.053894394,0.035256354,0.224958881,0.523280873
0.063339493,0.053509797,0.033922234,0.225616776,0.453472396
0.047335765,0.052858102,0.032184535,0.225945724,0.352842701
0.041203167,0.052506892,0.031818316,0.22578125,0.308600858
0.032559525,0.052088295,0.030831736,0.224794408,0.249659235
0.026776676,0.051800935,0.029910043,0.225699013,0.210476995
0.017959871,0.05138771,0.029029642,0.224917763,0.144293976
0.010585502,0.051069411,0.028563142,0.223766447,0.085900111
0,0.050606411,0.02762277,0.226274671,0
0.18716111,0.013470437,0.022966131,0.137212171,0.498238017
0.173774897,0.014709295,0.022540923,0.136101974,0.514676829
0.156929787,0.015905859,0.022000688,0.136101974,0.514936476
0.141881702,0.016897204,0.021599076,0.137664474,0.503771373
0.128383824,0.017704274,0.021207295,0.13725329,0.486441453
0.114860095,0.018416623,0.020891707,0.135115132,0.45954988
0.104447285,0.018758518,0.020573662,0.135320724,0.432226605
0.094775287,0.019065326,0.020283144,0.13490954,0.404325817
0.086114411,0.019271428,0.020020646,0.135773026,0.37621756
0.079420301,0.01941776,0.019831883,0.136225329,0.352934504
0.07059842,0.019514318,0.01953645,0.134991776,0.320059052
0.062268171,0.019563548,0.019246915,0.135444079,0.287263213
0.042691048,0.019478483,0.018602959,0.135978618,0.202879105
0.038546345,0.019442852,0.018436809,0.136965461,0.184495095
0.033520362,0.019344934,0.018228875,0.138199013,0.16145203
0.028186888,0.019203362,0.018032739,0.136677632,0.136235447
0.024735191,0.019096945,0.01790788,0.135074013,0.119718814
0.019421784,0.018944425,0.017754019,0.135197368,0.0940592
0.015983189,0.018841612,0.017630143,0.135197368,0.077527016
0.010612887,0.018706431,0.017481197,0.135978618,0.051544308
0.006352269,0.018602598,0.017362238,0.135032895,0.030890448
0,0.01847347,0.017186747,0.136307566,0
0.053542138,0.011822909,0.016190827,0.106661184,0.177450991
0.052027107,0.011846232,0.016163791,0.102220395,0.173058971
0.051203667,0.011822025,0.016149535,0.105797697,0.170121938
0.049961897,0.011838073,0.01612889,0.105098684,0.166434312
0.048946525,0.011841813,0.016102836,0.104769737,0.163367282
0.047438577,0.011818965,0.016067443,0.104810855,0.158376865
0.045880226,0.011809717,0.016030576,0.104851974,0.153406355
0.044556655,0.01180659,0.016007472,0.105550987,0.149156337
0.04305756,0.011814817,0.015976011,0.10625,0.144522502
0.041407374,0.011792106,0.015948484,0.104481908,0.138955929
0.040547696,0.011822025,0.015904242,0.10678454,0.136795714
0.036320247,0.011814137,0.015864917,0.104235197,0.12275535
0.033227153,0.011830593,0.015793148,0.105756579,0.112968761
0.0296573,0.011795166,0.015735634,0.105098684,0.100897133
0.025895751,0.011742671,0.015661898,0.105509868,0.088120797
0.021845715,0.01164999,0.015581773,0.107524671,0.074131425
0.018999794,0.011582944,0.015520326,0.104975329,0.064356793
0.014899709,0.011463743,0.015447574,0.105879934,0.050184702
0.012259413,0.011423284,0.015406774,0.106825658,0.041254977
0.008270049,0.01134325,0.015451015,0.105386513,0.027555987
0.005223226,0.011278584,0.015310426,0.105180921,0.017463589
0,0.011216093,0.015243573,0.104975329,0
